{
  "get all eplmoyees" : {
    "transaction" : "get all eplmoyees",
    "sampleCount" : 1,
    "errorCount" : 0,
    "errorPct" : 0.0,
    "meanResTime" : 1698.0,
    "medianResTime" : 1698.0,
    "minResTime" : 1698.0,
    "maxResTime" : 1698.0,
    "pct1ResTime" : 1698.0,
    "pct2ResTime" : 1698.0,
    "pct3ResTime" : 1698.0,
    "throughput" : 0.5889281507656066,
    "receivedKBytesPerSec" : 1.64543304623086,
    "sentKBytesPerSec" : 0.11617527974087162
  },
  "get specific employee" : {
    "transaction" : "get specific employee",
    "sampleCount" : 1,
    "errorCount" : 1,
    "errorPct" : 100.0,
    "meanResTime" : 578.0,
    "medianResTime" : 578.0,
    "minResTime" : 578.0,
    "maxResTime" : 578.0,
    "pct1ResTime" : 578.0,
    "pct2ResTime" : 578.0,
    "pct3ResTime" : 578.0,
    "throughput" : 1.7301038062283738,
    "receivedKBytesPerSec" : 3.2033953287197234,
    "sentKBytesPerSec" : 0.24160629325259517
  },
  "Total" : {
    "transaction" : "Total",
    "sampleCount" : 3,
    "errorCount" : 2,
    "errorPct" : 66.666664,
    "meanResTime" : 945.3333333333334,
    "medianResTime" : 578.0,
    "minResTime" : 560.0,
    "maxResTime" : 1698.0,
    "pct1ResTime" : 1698.0,
    "pct2ResTime" : 1698.0,
    "pct3ResTime" : 1698.0,
    "throughput" : 1.055594651653765,
    "receivedKBytesPerSec" : 2.284029182793807,
    "sentKBytesPerSec" : 0.2017037957424349
  },
  "create employee" : {
    "transaction" : "create employee",
    "sampleCount" : 1,
    "errorCount" : 1,
    "errorPct" : 100.0,
    "meanResTime" : 560.0,
    "medianResTime" : 560.0,
    "minResTime" : 560.0,
    "maxResTime" : 560.0,
    "pct1ResTime" : 560.0,
    "pct2ResTime" : 560.0,
    "pct3ResTime" : 560.0,
    "throughput" : 1.7857142857142856,
    "receivedKBytesPerSec" : 3.2958984374999996,
    "sentKBytesPerSec" : 0.4220145089285714
  }
}